Workbook

Sheet Dados_2024
A1: ID | B1: Idade | C1: Data da Coleta | D1: Resultado | E1: Exames alterados (LSIL/HSIL/ASC-H/AGC/ASC-US) | F1: {=SUM(COUNTIF(D2:D2024,{"LSIL","HSIL","ASC-H","AGC-US","ASC-US"}))} -> 75
A2: 1 | B2: 44 | C2: 45294 | D2: NEGATIVO | E2: Média de idade (geral) | F2: =AVERAGE(B2:B1022) -> 44.84427
A3: 2 | B3: 45 | C3: 45295 | D3: NEGATIVO
A4: 3 | B4: 34 | C4: 45295 | D4: NEGATIVO
A5: 4 | B5: 47 | C5: 45296 | D5: NEGATIVO
A6: 5 | B6: 47 | C6: 45299 | D6: NEGATIVO | E6: Categoria | F6: Quantidade
A7: 6 | B7: 38 | C7: 45299 | D7: NEGATIVO | E7: Negativo | F7: =COUNTIF(Dados_2024!D2:D2027,"NEGATIVO") -> 939
A8: 7 | B8: 53 | C8: 45299 | D8: NEGATIVO | E8: Alterado | F8: {=SUM(COUNTIF(D2:D2027,{"LSIL","HSIL","ASC-H","AGC-US","ASC-US"}))} -> 75
A9: 8 | B9: 44 | C9: 45299 | D9: NEGATIVO
A10: 9 | B10: 44 | C10: 45300 | D10: NEGATIVO
A11: 10 | B11: 37 | C11: 45300 | D11: NEGATIVO
B12: 27 | C12: 45300 | D12: NEGATIVO
B13: 58 | C13: 45300 | D13: NEGATIVO
B14: 46 | C14: 45300 | D14: NEGATIVO
B15: 44 | C15: 45300 | D15: NEGATIVO
B16: 50 | C16: 45301 | D16: NEGATIVO
B17: 35 | C17: 45301 | D17: NEGATIVO
B18: 46 | C18: 45302 | D18: NEGATIVO
B19: 48 | C19: 45303 | D19: NEGATIVO
B20: 40 | C20: 45303 | D20: NEGATIVO
B21: 30 | C21: 45303 | D21: NEGATIVO
B22: 46 | C22: 45306 | D22: NEGATIVO
B23: 47 | C23: 45306 | D23: NEGATIVO
... B1023: 28 | C1023: 45656 | D1023: ASC-H

Sheet Tabela dinâmica 2

Sheet Resumo + Gráficos
A1: Resumo Estatístico (2024)
A2: Indicador | B2: Resultado
D3: Categoria | E3: Quantidade
A4: Exames alterados (LSIL/HSIL/ASC-H/AGC/CARCINOMA) | B4: {=SUM(COUNTIF(Dados_2024!D2:D2024,{"LSIL","HSIL","ASC-H","AGC","CARCINOMA"}))} -> 54 | D4: Negativo | E4: =COUNTIF(Dados_2024!D2:D2024,"NEGATIVO") -> 939
D5: Alterado | E5: {=SUM(COUNTIF(Dados_2024!D2:D2024,{"LSIL","HSIL","ASC-H","AGC-US","ASC-US"}))} -> 75
A6: Média de idade (geral) | B6: =AVERAGE(Dados_2024!B2:B1022) -> 44.84427
A7: DP da idade (geral) | B7: =STDEV(Dados_2024!B2:B1022) -> 9.7440902
A8: Média – NEGATIVO | B8: =AVERAGEIF(Dados_2024!D2:D2024,"NEGATIVO",Dados_2024!B2:B2024) -> 44.857295 | D8: Grupo | E8: Média idade
D9: Negativo | E9: =AVERAGEIF(Dados_2024!D2:D2024,"NEGATIVO",Dados_2024!B2:B2024) -> 44.857295
D10: Alterado | E10: #ERROR!
D13: Faixa | E13: N exames | F13: N alterados
D14: 15–24 | E14: =COUNTIFS(Dados_2024!B2:B2024,">=15",Dados_2024!B2:B2024,"<=24") -> 1 | F14: {=SUM(COUNTIFS(Dados_2024!D2:D2024,{"LSIL","HSIL","ASC-H","AGC","CARCINOMA"},Dados_2024!B2:B2024,">=15",Dados_2024!B2:B2024,"<=24"))} -> 0
D15: 25–34 | E15: =COUNTIFS(Dados_2024!B2:B2024,">=25",Dados_2024!B2:B2024,"<=34") -> 175 | F15: {=SUM(COUNTIFS(Dados_2024!D2:D2024,{"LSIL","HSIL","ASC-H","AGC-US","ASC-US"},Dados_2024!B2:B2024,">=25",Dados_2024!B2:B2024,"<=34"))} -> 16
D16: 35–44 | E16: =COUNTIFS(Dados_2024!B2:B2024,">=35",Dados_2024!B2:B2024,"<=44") -> 303 | F16: {=SUM(COUNTIFS(Dados_2024!D2:D2024,{"LSIL","HSIL","ASC-H","AGC-US","ASC-US"},Dados_2024!B2:B2024,">=35",Dados_2024!B2:B2024,"<=44"))} -> 25
D17: 45–54 | E17: =COUNTIFS(Dados_2024!B2:B2024,">=45",Dados_2024!B2:B2024,"<=54") -> 360 | F17: {=SUM(COUNTIFS(Dados_2024!D2:D2024,{"LSIL","HSIL","ASC-H","AGC-US","ASC-US"},Dados_2024!B2:B2024,">=45",Dados_2024!B2:B2024,"<=54"))} -> 20
D18: 55+ | E18: =COUNTIFS(Dados_2024!B2:B2024,">=55") -> 183 | F18: {=SUM(COUNTIFS(Dados_2024!D2:D2024,{"LSIL","HSIL","ASC-H","AGC-US","ASC-US"},Dados_2024!B2:B2024,">=55"))} -> 14
